{"products":[{"id":"0.78803068917019","qty":1}],"totalPrice":30.87999999999999}